bc,ac,tbv,tav,time,mp,minBid
4211677.73,10981298.60,446522.11,195659.63,1675705284669,20.29,20.21
4223630.15,10974318.10,447113.36,195317.85,1675705287720,20.29,20.21
4223630.00,10974318.10,447113.35,195317.85,1675705290265,20.29,20.21
4225126.70,10973543.12,447186.28,195279.38,1675705293189,20.29,20.21
4222738.50,10972396.23,447068.55,195222.95,1675705296253,20.29,20.21
4221167.64,10973524.19,446990.70,195278.44,1675705299150,20.29,20.21
4223576.90,10974837.20,447109.89,195341.36,1675705302311,20.29,20.21
4217388.52,10974289.77,446803.87,195313.55,1675705305177,20.29,20.21
4217182.66,10974289.77,446793.72,195313.55,1675705308683,20.29,20.21
4221957.91,10976176.69,447029.02,195406.53,1675705311234,20.29,20.21
4224897.72,10975164.62,447173.98,195356.53,1675705314157,20.29,20.21
4226100.96,10975208.60,447232.77,195357.28,1675705317177,20.29,20.21
4226101.69,10976864.74,447232.77,195438.83,1675705320324,20.29,20.21
4226102.32,10976867.52,447232.77,195438.83,1675705323295,20.29,20.21
4222138.67,10971619.53,447034.95,195170.56,1675705326207,20.3,20.21
4219979.27,10981138.48,446929.39,195638.41,1675705329274,20.3,20.21
4211329.97,10977240.04,446504.76,195447.65,1675705332308,20.29,20.21
4202623.63,10975292.93,446077.45,195360.74,1675705335378,20.28,20.2
4208539.55,10988772.05,446371.38,196031.35,1675705338715,20.28,20.2
4208537.60,10992471.82,446371.39,196213.68,1675705341290,20.28,20.2
4210083.66,10985821.61,446446.65,195885.66,1675705344199,20.28,20.2
4198724.89,10981047.04,445885.59,195650.65,1675705347376,20.28,20.2
4203563.42,10980918.54,446124.90,195644.16,1675705350298,20.28,20.2
4210295.56,10978992.12,446456.98,195549.15,1675705353405,20.28,20.2
4204967.76,10980568.96,446193.96,195626.64,1675705356287,20.28,20.2
4187760.65,10980568.71,445343.30,195626.64,1675705359407,20.28,20.2
4189652.20,10980952.34,445437.17,195645.98,1675705362246,20.28,20.2
4200366.89,10971897.28,445970.96,195207.27,1675705365397,20.28,20.19
4202744.50,10980179.52,446088.07,195615.16,1675705368328,20.28,20.19
4200177.10,10977386.07,445960.87,195477.45,1675705371294,20.28,20.19
4202717.64,10971124.54,446086.46,195168.65,1675705374300,20.28,20.19
4202283.35,10982582.32,446065.09,195734.34,1675705377368,20.27,20.19
4197493.62,10985573.36,445835.78,195889.49,1675705380331,20.27,20.19
4182795.71,10993363.20,445111.18,196273.83,1675705383682,20.27,20.19
4166800.60,10979831.61,444331.74,195648.77,1675705386377,20.26,20.18
4208134.40,10977451.62,446376.81,195531.82,1675705389644,20.26,20.18
4197667.31,10981452.41,445859.82,195729.20,1675705392418,20.26,20.18
4206783.03,10977910.44,446309.70,195554.57,1675705395316,20.26,20.18
4199510.48,10977910.44,445950.69,195554.57,1675705398339,20.26,20.18
4168158.13,10989792.13,444411.00,196149.69,1675705401300,20.25,20.17
4187751.15,10986533.01,445397.83,195990.73,1675705404440,20.25,20.17
4174472.96,10989416.33,444745.05,196133.94,1675705407324,20.25,20.16
4192674.67,10989423.74,445654.26,196137.23,1675705410711,20.25,20.16
4186078.26,10982069.26,445326.34,195773.92,1675705413413,20.25,20.16
4206000.01,10981646.73,446305.79,195751.71,1675705416388,20.25,20.16
4203254.68,10979604.64,446194.94,195651.26,1675705419465,20.25,20.16
4188805.83,10980616.91,445479.84,195701.27,1675705422416,20.25,20.16
4193349.74,10977146.83,445707.70,195535.15,1675705425308,20.25,20.16
4192716.63,10982596.35,445676.34,195804.17,1675705428391,20.25,20.16
4196564.19,10991254.05,445866.92,196232.40,1675705431779,20.24,20.16
4204550.52,10962509.58,446249.04,194798.96,1675705434638,20.27,20.16
4193364.14,10987480.24,445694.28,196028.53,1675705437627,20.26,20.16
4210066.01,10986224.27,446521.53,195966.76,1675705440737,20.26,20.16
4209373.12,10983041.96,446485.93,195809.13,1675705443835,20.26,20.16
4202376.83,10978964.42,446135.81,195608.46,1675705447026,20.26,20.16
4205022.02,10978964.16,446266.80,195608.46,1675705450362,20.26,20.16
4196198.90,10980800.26,445840.05,195705.36,1675705453864,20.26,20.16
4190497.54,10981049.78,445557.92,195717.72,1675705457542,20.26,20.16
4193208.80,10995729.61,445694.86,196444.05,1675705461340,20.25,20.16
4185602.04,10994930.13,445318.63,196405.77,1675705464270,20.25,20.16
4193138.08,10978421.27,445690.70,195590.48,1675705468381,20.25,20.16
4190230.13,10978466.23,445546.62,195592.69,1675705472378,20.25,20.16
4180005.37,10980334.40,445048.95,195689.86,1675705476707,20.25,20.16
4190431.46,10982072.05,445564.84,195776.75,1675705480171,20.24,20.16
4185801.66,10976008.49,445334.34,195476.88,1675705482571,20.25,20.16
4197419.66,10970883.98,445935.16,195225.14,1675705485607,20.24,20.16
4207871.93,10978178.84,446436.57,195582.47,1675705488696,20.25,20.16
4203974.50,10974860.20,446243.18,195417.22,1675705491661,20.25,20.16
4181282.91,10985864.91,445121.89,195972.55,1675705494565,20.25,20.16
4192844.28,10993012.56,445694.20,196326.98,1675705497555,20.25,20.16
4197401.10,10986854.24,445919.16,196022.88,1675705503110,20.25,20.16
4187206.77,10986571.94,445413.96,196007.82,1675705508497,20.25,20.16
4206731.47,10976758.60,446378.49,195521.54,1675705513923,20.25,20.16
4216377.49,10978106.07,446854.90,195587.52,1675705519459,20.26,20.16
4214216.29,10973029.86,446740.65,195331.81,1675705525574,20.26,20.16
4199511.77,10995875.93,446016.28,196464.80,1675705531436,20.25,20.16
4204052.54,10994153.70,446289.87,196398.53,1675705537738,20.25,20.16
4223230.97,10978808.62,447230.78,195635.25,1675705544015,20.26,20.16
4221254.66,10985554.67,447133.31,195969.06,1675705550398,20.26,20.16
4219125.79,10987752.99,447028.47,196078.59,1675705556994,20.26,20.16
4228665.43,10960053.21,447486.79,194715.71,1675705563674,20.27,20.16
4238857.38,10975308.76,447990.10,195451.90,1675705570716,20.27,20.16
4225815.66,10974622.19,447329.41,195400.91,1675705577734,20.28,20.16
4231944.17,10977225.70,447593.79,195515.03,1675705585264,20.29,20.16
4219447.01,10975231.19,446930.71,195409.08,1675705592747,20.29,20.16
4218146.23,10967719.34,446863.46,195037.86,1675705600513,20.3,20.16
4242805.80,10974828.16,448072.42,195360.69,1675705608747,20.3,20.16
4214636.38,10975375.14,446680.89,195387.17,1675705616829,20.3,20.16
4229255.26,10973877.90,447402.67,195313.73,1675705624719,20.3,20.16
4229651.85,10982487.27,447425.22,195711.82,1675705632768,20.3,20.16
4215103.07,10973971.71,446709.95,195296.98,1675705641126,20.29,20.16
4220450.37,10984733.31,446977.68,195831.63,1675705649611,20.29,20.16
4213222.34,10980892.85,446595.19,195667.80,1675705658070,20.28,20.16
4245766.52,10962904.61,448199.31,194777.89,1675705666866,20.29,20.16
4228478.41,10979117.78,447348.17,195577.03,1675705675952,20.29,20.16
4216426.74,10983090.38,446756.96,195776.19,1675705685131,20.28,20.16
4207915.49,10972878.42,446333.93,195269.98,1675705694598,20.29,20.16
4211372.30,10973134.61,446504.10,195282.60,1675705704056,20.29,20.16
4218672.54,10971554.21,446850.40,195207.16,1675705714091,20.29,20.16
4203122.13,10982602.17,446082.24,195750.80,1675705724085,20.29,20.16
4184679.47,10979619.06,445177.10,195606.53,1675705734171,20.28,20.16
4206345.26,10980690.66,446245.48,195658.14,1675705744930,20.28,20.16
4195242.22,10982640.99,445697.31,195754.79,1675705756050,20.28,20.16
4205749.70,10986136.14,446217.56,195927.58,1675705766597,20.28,20.16
4203791.05,10979833.02,446120.00,195615.75,1675705777331,20.28,20.16
4209425.54,10974992.47,446397.39,195377.57,1675705788612,20.28,20.16
4219886.27,10974591.96,446897.97,195355.45,1675705799869,20.29,20.16
4233706.89,10970134.25,447578.86,195135.24,1675705811543,20.29,20.16
4217656.18,10961829.86,446785.79,194727.83,1675705823189,20.3,20.16
4188805.74,10974291.22,445366.43,195344.09,1675705836395,20.28,20.16
4180608.79,10969851.54,444961.70,195125.19,1675705848436,20.28,20.16
4198110.02,10977779.31,445825.74,195515.11,1675705860915,20.28,20.16
4197812.59,10973725.47,445832.99,195322.76,1675705873313,20.28,20.16
4198133.43,10985900.28,445849.30,195923.84,1675705886180,20.28,20.16
4194201.21,10979575.83,445662.45,195612.02,1675705888888,20.28,20.16
4197317.69,10976722.02,445816.16,195471.08,1675705891827,20.28,20.16
4205356.34,10974029.75,446163.90,195321.84,1675705894906,20.28,20.16
4190844.44,10966305.99,445452.98,194944.60,1675705908698,20.27,20.16
4203304.69,10964116.80,446067.21,194836.48,1675705911793,20.28,20.16
4202860.25,10962789.97,446044.97,194772.91,1675705914884,20.28,20.16
4197851.15,10968747.05,445794.53,195060.70,1675705929374,20.28,20.16
4196057.46,10980882.64,445710.60,195663.11,1675705944328,20.28,20.16
4202469.34,10971705.54,446026.60,195210.57,1675705946925,20.28,20.16
4196178.73,10967285.06,445726.07,195002.01,1675705962773,20.27,20.16
4193755.02,10972206.32,445606.29,195257.31,1675705965355,20.26,20.16
4203708.73,10952667.94,446100.29,194312.85,1675705981094,20.27,20.16
4203708.73,10960113.10,446100.29,194679.97,1675705984135,20.27,20.16
4203708.73,10968002.89,446100.29,195069.01,1675705987134,20.27,20.16
4201819.84,10962794.99,446002.19,194812.86,1675706004250,20.28,20.16
4201354.15,10962794.99,445979.19,194812.86,1675706006732,20.28,20.16
4201819.88,10962794.99,446002.19,194812.86,1675706009684,20.28,20.16
4215251.01,10955747.45,446661.96,194462.96,1675706012760,20.28,20.16
4207833.98,10960799.23,446295.15,194711.21,1675706015687,20.28,20.16
4199550.11,10964803.05,445890.52,194909.43,1675706034376,20.28,20.16
4212890.55,10952727.11,446546.50,194311.38,1675706052664,20.29,20.16
4208499.05,10963808.33,446319.84,194840.41,1675706071347,20.29,20.16
4212323.53,10974870.79,446507.83,195363.53,1675706090476,20.29,20.16
4203667.99,10971823.84,446080.80,195213.72,1675706109955,20.29,20.16
4216371.24,10971537.69,446706.45,195220.79,1675706129454,20.28,20.16
4208447.91,10972468.81,446326.24,195272.25,1675706149418,20.28,20.16
4206163.36,10970461.99,446213.36,195173.50,1675706152551,20.28,20.16
4201508.56,10959474.41,445967.27,194615.47,1675706175923,20.28,20.16
4193790.93,10971449.30,445584.64,195208.82,1675706197204,20.27,20.16
4192344.37,10981596.29,445511.97,195701.48,1675706218582,20.28,20.16
4202113.92,10975827.54,445994.35,195417.24,1675706240263,20.28,20.16
4197224.01,10969555.79,445780.31,195115.86,1675706262112,20.27,20.16
4194689.55,10980266.67,445656.45,195644.72,1675706284318,20.27,20.16
4195014.90,10980266.67,445672.62,195644.72,1675706287426,20.27,20.16
4193863.26,10981311.82,445616.12,195710.35,1675706309864,20.26,20.16
4199381.21,10974093.23,445882.90,195354.08,1675706332824,20.27,20.16
4207368.90,10971901.81,446283.15,195241.92,1675706356429,20.27,20.16
4187806.72,10972833.23,445358.22,195326.00,1675706379823,20.25,20.16
4187369.36,10979781.12,445336.69,195668.70,1675706383483,20.25,20.16
4197643.64,10958964.59,445843.96,194641.38,1675706385882,20.25,20.16
4190794.07,10980439.49,445493.90,195687.36,1675706410485,20.26,20.16
4208514.78,10970854.33,446369.24,195218.84,1675706413472,20.27,20.16
4205231.42,11068971.97,446206.54,199528.46,1675706438937,20.27,20.16
4201452.04,11069375.54,446019.53,199548.46,1675706441607,20.27,20.16
4186950.01,11076588.04,445373.99,199916.00,1675706468386,20.24,20.16
4184430.02,11063728.36,445221.47,199273.28,1675706494520,20.27,20.16
4184429.58,11063728.36,445221.45,199273.28,1675706497511,20.27,20.16
4192630.75,11062493.37,445628.76,199214.94,1675706524608,20.26,20.16
4195892.24,11062465.07,445790.66,199214.90,1675706551897,20.26,20.16
4197553.90,11062173.38,445872.57,199199.47,1675706554976,20.26,20.16
4202442.45,11067515.28,446114.41,199462.73,1675706557991,20.26,20.16
4201181.96,11072152.15,446051.85,199690.80,1675706560878,20.27,20.16
4184055.77,11073126.63,445207.75,199738.41,1675706593914,20.27,20.16
4188052.40,11072157.74,445404.99,199690.43,1675706596899,20.27,20.16
4182963.18,11076622.47,445127.01,199902.95,1675706600034,20.27,20.16
4181620.92,11074973.78,445070.78,199829.98,1675706602919,20.27,20.16
4203795.11,11062961.87,446166.21,199241.05,1675706633546,20.27,20.16
4199112.78,11080845.20,445933.35,200122.35,1675706664263,20.27,20.16
4193994.94,11078054.33,445679.02,199986.11,1675706695479,20.27,20.16
4192099.76,11084727.10,445587.00,200315.97,1675706727024,20.26,20.16
4194459.54,11078967.83,445691.54,200025.11,1675706758890,20.27,20.16
4210911.47,11058314.37,446497.26,199000.32,1675706791421,20.28,20.16
4177657.19,11063298.18,444856.91,199254.30,1675706824997,20.27,20.16
4200994.27,11072138.90,446032.16,199703.33,1675706857764,20.26,20.16
4199490.30,11073481.92,445956.96,199787.25,1675706891265,20.25,20.16
4185786.50,11074803.66,445279.14,199852.53,1675706894444,20.26,20.16
4187152.55,11069889.32,445345.94,199613.86,1675706929270,20.25,20.16
4203024.21,11065832.10,446133.44,199408.87,1675706964488,20.27,20.16
4178639.30,11066937.65,444904.88,199447.64,1675706999561,20.29,20.16
4201366.80,11070694.13,446033.38,199601.30,1675707034635,20.28,20.16
4187536.65,11067781.19,445323.15,199452.49,1675707070334,20.28,20.16
4205416.45,11069847.43,446337.07,199624.00,1675707106579,20.24,20.16
4201509.82,11078185.27,446135.02,200027.06,1675707143024,20.25,20.16
4209735.57,11077184.03,446533.41,199991.07,1675707180033,20.25,20.16
4220616.69,11074509.05,447037.24,199841.76,1675707217287,20.28,20.16
4193247.23,11074328.74,445661.94,199831.98,1675707255067,20.28,20.16
4199742.71,11056824.28,445931.16,198997.20,1675707293170,20.28,20.16
4197969.54,11076141.69,445835.42,199943.02,1675707331560,20.28,20.16
4180257.65,11069684.35,444929.77,199568.43,1675707370527,20.28,20.16
4180643.31,11067974.10,444944.46,199496.45,1675707409701,20.28,20.16
4190721.62,11086098.12,445448.24,200393.19,1675707449391,20.28,20.16
4196489.28,11076829.02,445722.22,199921.54,1675707489964,20.29,20.16
4215432.08,11067727.08,446653.92,199472.27,1675707530456,20.29,20.16
4215029.59,11073804.78,446621.63,199781.71,1675707571621,20.28,20.16
4178253.75,11070301.91,444795.10,199557.74,1675707613141,20.31,20.16
4216025.23,11082668.04,446661.92,200181.24,1675707654708,20.3,20.16
4207683.42,11076059.89,446206.85,199846.05,1675707696793,20.31,20.16
4196524.30,11073467.75,445649.38,199706.08,1675707739187,20.31,20.16
4196960.07,11067151.39,445632.23,199345.28,1675707781435,20.32,20.16
4203011.42,11062001.27,445931.84,199097.85,1675707824190,20.31,20.16
4196479.18,11071198.08,445612.52,199554.74,1675707866993,20.31,20.16
4203304.65,11007761.90,445947.42,196380.74,1675707869940,20.33,20.16
4191700.24,11084134.76,445367.33,200146.06,1675707913861,20.32,20.16
4185549.47,11071559.09,445055.54,199528.19,1675707958091,20.32,20.16
4182828.23,11071781.36,444930.02,199586.67,1675708002347,20.3,20.16
4185491.99,11075324.35,445070.03,199761.39,1675708005482,20.3,20.16
4183906.72,11073317.65,444992.04,199662.63,1675708008369,20.3,20.16
4187905.22,11073317.65,445189.21,199662.63,1675708011319,20.3,20.16
4187901.21,11075323.12,445189.11,199761.39,1675708014392,20.3,20.16
4177407.66,11094048.79,444702.06,200701.78,1675708061073,20.28,20.16
4172609.80,11086391.71,444469.71,200325.91,1675708063995,20.28,20.16
4179255.98,11090503.80,444798.45,200548.07,1675708067131,20.28,20.16
4162984.44,11089397.36,444094.44,200548.78,1675708115450,20.25,20.16
4161157.10,11087475.05,444053.97,200520.67,1675708163710,20.23,20.15
4170085.07,11083214.13,444495.22,200308.47,1675708166695,20.23,20.15
4165090.82,11081250.45,444247.91,200212.15,1675708215947,20.23,20.15
4147801.20,11069018.61,443444.98,199620.63,1675708265567,20.24,20.15
4151329.43,11076191.95,443619.15,199974.12,1675708268743,20.25,20.15
4156020.18,11080352.80,443916.03,200187.47,1675708319266,20.22,20.14
4143865.99,11085877.86,443317.08,200478.15,1675708369873,20.22,20.14
4145299.99,11081164.24,443574.52,200305.93,1675708420806,20.2,20.12
4159084.50,11081821.44,444241.89,200332.39,1675708471683,20.22,20.12
4150421.17,11084798.94,443828.43,200480.94,1675708474801,20.22,20.12
4147092.64,11084861.57,443669.96,200481.39,1675708478167,20.22,20.12
4147092.64,11084857.14,443669.96,200481.39,1675708480665,20.22,20.12
4141067.11,11085348.99,443372.28,200506.30,1675708483628,20.22,20.12
4141067.11,11081996.37,443372.28,200340.49,1675708486634,20.22,20.12
4142740.87,11076130.80,443423.31,200046.98,1675708540623,20.24,20.12
4138258.21,11088943.93,443201.80,200679.35,1675708544096,20.24,20.12
4138085.91,11083691.28,443185.29,200412.55,1675708598648,20.22,20.12
4120941.62,11091284.67,442350.22,200791.63,1675708601670,20.21,20.12
4136573.80,11080848.44,443228.40,200335.58,1675708657243,20.18,20.09
4151343.70,11072874.22,444098.00,200039.68,1675708712832,20.18,20.09
4138325.82,11084110.23,443448.67,200598.62,1675708715815,20.17,20.09
4147766.09,11061866.47,443958.91,199565.44,1675708771965,20.18,20.09
4121332.95,11083396.17,442659.41,200642.12,1675708828587,20.17,20.08
4116763.10,11079689.44,442432.23,200456.49,1675708831538,20.17,20.08
4119170.70,11071228.53,442551.93,200037.01,1675708834503,20.17,20.08
4115155.22,11075867.79,442353.56,200267.01,1675708837924,20.17,20.08
4104767.62,11081916.85,441852.31,200602.60,1675708917829,20.15,20.07
4140383.94,11090932.39,443665.11,201065.70,1675708976847,20.17,20.07
4128827.37,11096466.85,443092.07,201341.52,1675708980160,20.16,20.07
4112247.43,10802333.32,442284.23,186747.70,1675708982647,20.2,20.07
4138521.09,11057665.68,443574.44,199326.35,1675708985697,20.2,20.07
4147498.42,11060304.07,443937.37,199420.91,1675709046597,20.21,20.07
4153209.95,11046214.59,444219.43,198723.75,1675709049457,20.21,20.07
4157456.97,11051530.52,444425.27,198968.91,1675709052459,20.22,20.07
4177299.82,11036237.02,445241.14,198125.32,1675709114045,20.24,20.07
4167866.19,11047724.35,444768.08,198698.08,1675709175658,20.22,20.07
4170816.56,11060503.88,444852.98,199341.83,1675709237594,20.21,20.07
4176663.04,11060147.83,445155.25,199332.00,1675709300908,20.21,20.07
4157614.24,11062572.16,444214.79,199468.08,1675709364749,20.21,20.07
4204196.46,11061580.53,446483.27,199367.40,1675709428286,20.25,20.07
4169130.30,11058229.65,444679.34,199138.25,1675709491635,20.26,20.07
4188129.54,11055321.15,445591.83,199019.33,1675709555106,20.25,20.07
4187443.95,11055321.15,445556.14,199019.33,1675709558192,20.25,20.07
4181494.79,11048985.07,445261.61,198706.90,1675709561117,20.25,20.07
4167914.78,11208159.13,444577.93,206405.04,1675709626197,20.26,20.07
4196017.23,11208002.29,445941.58,206398.48,1675709691862,20.26,20.07
4198428.46,11208002.29,446060.87,206398.48,1675709694808,20.26,20.07
4198749.47,11208200.90,446060.87,206408.29,1675709697727,20.26,20.07
4192094.66,11200373.83,445702.54,206017.13,1675709764994,20.27,20.07
4200911.39,11201125.86,446082.18,206031.46,1675709833756,20.28,20.07
4193472.39,11195216.41,445673.82,205741.75,1675709901876,20.28,20.07
4187561.66,11191417.60,445376.05,205556.47,1675709970826,20.28,20.07
4162610.32,11196173.03,444134.81,205772.24,1675710040076,20.27,20.07
4180286.31,11201902.69,445005.82,206053.43,1675710110066,20.28,20.07
4186920.69,11185232.05,445298.73,205225.97,1675710180690,20.29,20.07
4180080.27,11204419.13,444916.12,206091.13,1675710262771,20.3,20.07
4187788.38,11196951.54,445296.35,205725.57,1675710265417,20.3,20.07
2814488.19,10464422.00,376620.82,170014.46,1675710337678,20.3,20.07
2819068.39,10450808.11,376843.39,169349.02,1675710418492,20.3,20.07
2826106.41,10515513.62,377185.98,172517.76,1675710491232,20.31,20.07
2820222.96,10504432.60,376876.93,171975.53,1675710564577,20.31,20.07
2822410.61,10492057.69,376981.73,171368.00,1675710638109,20.31,20.07
2822410.84,10492057.69,376981.73,171368.00,1675710641217,20.31,20.07
2757317.78,10488425.17,373479.24,171188.93,1675710715988,20.31,20.07
2756412.50,10487898.88,373413.85,171147.37,1675710791445,20.31,20.07
2770186.97,10470158.57,374088.49,170253.79,1675710867838,20.33,20.07
4141536.48,11427977.81,442535.46,216925.38,1675710944093,20.33,20.07
4136098.64,11426636.41,442175.15,216675.60,1675711020572,20.39,20.07
4149760.40,11440983.11,442739.09,217341.40,1675711098052,20.39,20.07
4136766.48,11450864.99,442001.19,217779.31,1675711176481,20.38,20.07
4136767.21,11450865.22,442001.22,217779.31,1675711179555,20.38,20.07
4138189.95,11447251.46,442078.88,217611.76,1675711258549,20.38,20.07
4176876.99,11431712.62,443967.91,216848.13,1675711261574,20.39,20.07
4137492.70,11448409.35,441919.38,217650.71,1675711341570,20.38,20.07
4141908.32,11437672.58,442135.11,217123.43,1675711344470,20.38,20.07
4143488.15,11436391.26,442211.28,217068.79,1675711425581,20.38,20.07
4137306.41,11314090.99,441930.11,211100.50,1675711507652,20.37,20.07
4141376.84,11313179.90,442130.31,211057.73,1675711510788,20.37,20.07
4132388.40,11311974.47,441688.36,210998.65,1675711513643,20.37,20.07
4132090.94,11289679.60,441677.33,209936.20,1675711597199,20.37,20.07
4138070.04,11261609.13,442376.19,208319.16,1675711681766,20.4,20.07
4122429.63,11260319.51,441168.36,208489.27,1675711765606,20.38,20.07
4122173.78,11251310.26,441155.95,208047.78,1675711768502,20.39,20.07
4127899.84,11251338.11,441436.82,208049.05,1675711771708,20.39,20.07
4123963.67,11263082.32,441244.03,208624.81,1675711774673,20.39,20.07
4125636.20,11265353.94,441326.18,208720.73,1675711777538,20.39,20.07
4120937.83,11270824.56,441099.86,208747.83,1675711864963,20.39,20.07
4121393.45,11285767.95,441121.62,209480.54,1675711867821,20.38,20.07
4150501.13,11269171.34,442555.72,208662.72,1675711957242,20.39,20.07
4127093.97,11251957.02,441405.47,207818.99,1675711960067,20.39,20.07
4140621.42,11276918.20,442065.95,209030.50,1675711963652,20.39,20.07
4140621.40,11278287.91,442065.95,209097.51,1675711966097,20.39,20.07
4116403.49,11256345.84,440893.49,207937.77,1675712057362,20.36,20.07
4076668.97,11290989.55,439076.05,209707.36,1675712148612,20.32,20.07
4097750.76,11315062.93,440106.12,210965.87,1675712240571,20.33,20.07
4071796.08,11312718.02,438833.78,210852.97,1675712243472,20.33,20.07
4088389.89,11311754.83,439851.23,210881.22,1675712350677,20.31,20.07
4084396.74,11311506.96,439654.39,210866.92,1675712353527,20.3,20.07
4085178.79,11300120.30,439754.51,210336.07,1675712447552,20.31,20.07
4070704.19,11154718.54,438951.61,203312.21,1675712542318,20.36,20.07
4092213.96,11292578.31,439783.29,208625.76,1675712638095,20.38,20.07
4107535.21,11294426.14,440439.47,208760.82,1675712733739,20.36,20.07
4109085.35,11294426.14,440515.45,208760.82,1675712736878,20.36,20.07
4101835.26,11297432.89,440304.20,209000.21,1675712833507,20.35,20.07
4105718.00,11291265.18,440488.84,208694.09,1675712836568,20.36,20.07
4111727.32,11312589.22,440782.72,209752.49,1675712935675,20.34,20.07
4102960.78,11300075.52,440330.05,209116.38,1675713034615,20.35,20.07
4092363.48,11315161.79,439809.54,209858.22,1675713037429,20.35,20.07
4101694.56,11319934.16,440298.18,210100.76,1675713040643,20.35,20.07
4095900.35,11309519.25,440026.09,209592.56,1675713043475,20.33,20.07
4100350.13,11297024.84,440368.03,209045.31,1675713145029,20.31,20.07
4112969.93,11294199.22,440989.79,208925.69,1675713147855,20.31,20.07
4112664.23,11284414.45,441096.69,208616.10,1675713249638,20.29,20.07
4110567.64,11282419.18,440992.26,208518.02,1675713252511,20.29,20.07
4113693.52,11283450.68,441134.61,208568.03,1675713255601,20.29,20.07
4093913.80,11315919.03,440158.44,209579.12,1675713359131,20.31,20.07
4101029.56,11312680.84,440509.13,209420.05,1675713361738,20.31,20.07
4095549.24,11312681.07,440239.01,209420.05,1675713364632,20.31,20.07
4119903.55,11310514.54,441516.82,209350.11,1675713468901,20.3,20.07
4104238.54,11303253.08,440748.33,209016.86,1675713573607,20.31,20.07
4072677.09,11304937.70,439270.48,209109.48,1675713679659,20.28,20.07
4093416.44,11310012.80,440348.58,209394.24,1675713786727,20.28,20.07
4093069.19,11312021.59,440331.20,209493.28,1675713789712,20.28,20.07
4094765.19,11311294.27,440443.68,209485.92,1675713897481,20.26,20.07
4094765.21,11311294.27,440443.68,209485.92,1675713899889,20.26,20.07
4096291.61,11319833.35,440614.17,209992.33,1675714017669,20.23,20.07
4095343.94,11309272.78,440567.31,209473.43,1675714020192,20.24,20.07
4088974.99,11301676.25,440313.99,209108.42,1675714132626,20.25,20.07
4088512.01,11299675.71,440290.84,209009.62,1675714135680,20.25,20.07
4090922.03,11301633.71,440410.09,209106.34,1675714138544,20.25,20.07
4105227.63,11310187.98,441113.58,209528.81,1675714249720,20.25,20.07
4095821.12,11312198.28,440648.82,209628.10,1675714252561,20.25,20.07
4092124.34,11311357.37,440457.29,209586.77,1675714255647,20.25,20.07
4091574.43,11312112.60,440430.31,209624.45,1675714258519,20.25,20.07
4087436.86,11310359.22,440225.89,209539.63,1675714261623,20.25,20.07
4093525.14,11311372.93,440537.66,209603.58,1675714376331,20.23,20.07
4090641.10,11297090.39,440446.26,208938.73,1675714495975,20.23,20.07
4088211.30,11297562.44,440325.88,208963.69,1675714499167,20.23,20.07
3995247.13,11255832.80,435723.13,206924.06,1675714615654,20.24,20.07
4118097.81,11298193.58,441690.44,208843.82,1675714733354,20.29,20.07
4125687.47,11301691.04,441924.91,208986.44,1675714851088,20.3,20.07
4127473.19,11301941.39,442012.60,208998.74,1675714854039,20.3,20.07
4127473.15,11302356.06,442012.60,209019.17,1675714857028,20.3,20.07
4087838.83,11307556.50,440109.07,209303.40,1675714976017,20.25,20.07
4087695.74,11306081.51,440100.52,209229.66,1675714979155,20.25,20.07
4092177.43,11319934.10,440376.01,209987.93,1675715116666,20.25,20.07
4094705.58,11322326.30,440500.78,210106.26,1675715119744,20.25,20.07
4086378.55,11323483.60,440255.43,210219.40,1675715249601,20.24,20.07
4078474.54,11324394.06,439901.47,210262.25,1675715371763,20.22,20.07
4075822.27,11326733.21,439792.95,210403.43,1675715374793,20.22,20.07
4077905.11,11326732.42,439896.32,210403.67,1675715377757,20.22,20.07
4080379.81,11327416.24,440019.50,210437.78,1675715380743,20.22,20.07
4079922.82,11333205.25,439996.89,210723.59,1675715384223,20.22,20.07
4104376.16,11297201.26,441283.90,209028.20,1675715510215,20.23,20.07
4087031.59,11315866.99,440374.30,209925.95,1675715641813,20.23,20.07
4120488.63,11301199.65,442008.23,209157.35,1675715768305,20.26,20.07
4114635.49,11308984.68,441718.90,209541.75,1675715771408,20.26,20.07
4117047.43,11310709.05,441838.21,209626.78,1675715774342,20.26,20.07
4080647.17,11312851.34,440012.73,209751.41,1675715902835,20.23,20.07
4095854.93,11308888.62,440806.82,209589.51,1675716031908,20.22,20.07
4095512.65,11319042.91,440799.94,210106.50,1675716161216,20.21,20.07
4096010.70,11315058.12,440824.56,209909.66,1675716164180,20.21,20.07
4103304.90,11309955.65,441252.56,209696.29,1675716294837,20.21,20.07
4103777.64,11311769.31,441275.97,209783.19,1675716297813,20.21,20.07
4090970.33,11326607.24,440771.41,210559.23,1675716428995,20.17,20.07
4090970.51,11326614.33,440771.42,210559.48,1675716432018,20.17,20.07
4088067.49,11326637.78,440627.65,210560.75,1675716435028,20.17,20.07
4084053.16,11316376.83,440427.67,210098.73,1675716569350,20.18,20.07
4101718.97,11301621.82,441378.57,209376.78,1675716704547,20.19,20.07
4100812.34,11312313.91,441329.29,209905.92,1675716707495,20.19,20.07
4082966.21,11319234.01,440444.33,210250.43,1675716710472,20.19,20.07
4074123.00,11318877.03,440006.65,210234.03,1675716713423,20.18,20.07
4101486.12,11406595.86,441337.15,214563.74,1675716851437,20.2,20.07
4087282.01,11401067.08,440692.75,214328.91,1675716989025,20.17,20.07
4097780.44,11394272.54,441212.90,213994.71,1675716991969,20.17,20.07
4093666.28,11397680.81,441004.79,214162.12,1675716994984,20.17,20.07
4077013.58,11429675.18,440139.74,215743.84,1675717135653,20.19,20.07
4082011.32,11426910.63,440388.20,215607.76,1675717138732,20.19,20.07
4066077.14,11409809.05,439594.60,214816.74,1675717279525,20.17,20.07
4101388.57,11410787.80,441412.90,214879.37,1675717422300,20.17,20.07
4082815.13,11420362.13,440487.67,215353.96,1675717564058,20.17,20.07
4082750.59,11410994.93,440763.81,214974.55,1675717706037,20.12,20.04
4050910.22,11417691.85,439237.79,215372.74,1675717849045,20.12,20.04
4065541.85,11423897.71,439971.27,215681.10,1675717852065,20.12,20.04
4070903.28,11425482.66,440237.99,215759.13,1675717855197,20.12,20.04
4061611.25,11418156.21,439788.74,215407.53,1675718001108,20.11,20.03
4061611.39,11424919.69,439788.75,215743.57,1675718004085,20.12,20.03
4060061.96,11404941.07,439729.02,214795.02,1675718151436,20.13,20.03
4186760.91,11459285.91,445933.81,217356.72,1675718299252,20.16,20.03
4178102.27,11456542.78,445503.69,217220.65,1675718302573,20.16,20.03
4188420.41,11439705.72,445781.29,216265.97,1675718452863,20.18,20.03
4190148.91,11440550.00,445869.18,216307.82,1675718455812,20.18,20.03
4221269.14,11456358.93,447395.08,217079.99,1675718606396,20.18,20.03
4104674.22,11468045.55,441652.50,217685.26,1675718756583,20.16,20.03
4179920.96,11481385.52,445406.64,218348.54,1675718759557,20.15,20.03
4190750.17,11489898.58,445945.83,218771.14,1675718762663,20.15,20.03
4192623.22,11489898.69,446038.89,218771.16,1675718765612,20.15,20.03
4190860.88,11469094.67,445950.75,217755.39,1675718768731,20.15,20.03
4190849.08,11470271.64,445950.16,217813.79,1675718771746,20.15,20.03
4188149.21,11476445.73,445831.67,218128.57,1675718774560,20.14,20.03
4158206.44,11466514.46,444437.96,217757.04,1675718930830,20.13,20.03
4155796.10,11465515.75,444318.03,217707.48,1675718933814,20.13,20.03
4162216.37,11470873.61,444638.76,217976.02,1675718936979,20.12,20.03
4151404.32,11458638.21,444130.54,217379.11,1675718939868,20.12,20.03
4151404.32,11452269.05,444130.54,217062.24,1675718942812,20.12,20.03
4156393.00,11455943.24,444378.83,217244.63,1675718945957,20.12,20.03
4115717.03,11466950.93,442409.03,217821.75,1675719107760,20.13,20.03
4195185.53,11462781.21,446361.59,217628.46,1675719270529,20.14,20.03
4157671.50,11477374.11,444505.82,218353.35,1675719432989,20.12,20.03
4164952.46,11475281.39,444862.29,218248.19,1675719436043,20.13,20.03
4163673.47,11466207.11,444797.50,217796.53,1675719438983,20.13,20.03
4133336.36,11487026.68,443427.42,218882.27,1675719604447,20.1,20.02
4099614.03,11492712.59,441771.41,219203.36,1675719771118,20.09,20.01
4080148.77,11483830.89,440895.61,218799.02,1675719939929,20.08,20
4029025.43,11425690.03,438683.83,216154.39,1675720108195,20.05,19.97
3990749.27,11416742.28,436735.39,215715.33,1675720276993,20.05,19.96
4003564.35,11433631.31,437369.01,216546.28,1675720280113,20.05,19.96
3995541.02,11428214.14,436952.39,216268.43,1675720450457,20.05,19.96
3982777.43,10949576.09,436427.07,216201.15,1675720620860,20.03,19.95
3985189.87,10950004.96,436547.61,216222.54,1675720623821,20.03,19.95
3985179.81,10949832.78,436547.08,216213.94,1675720626716,20.03,19.95
3998557.91,10934116.87,437242.89,215455.93,1675720800594,20.02,19.94
4007340.74,10963761.79,437651.86,216913.91,1675720974848,20.04,19.94
3974711.00,10978515.93,435983.20,217578.13,1675721150363,20.05,19.94
3908988.33,10943157.81,432888.05,215972.90,1675721326969,20,19.92
3901324.50,10967494.03,432473.82,217214.92,1675721503339,19.99,19.91
3901324.50,10967487.87,432473.82,217214.65,1675721506806,19.99,19.91
3904945.48,10964487.24,432655.08,217064.75,1675721509308,20,19.91
3926533.04,10966561.92,433918.61,217228.17,1675721690179,19.98,19.9
3926533.06,10968189.91,433918.61,217309.37,1675721692780,19.99,19.9
3914763.28,10971609.16,433328.63,217478.46,1675721695683,19.98,19.9
3929646.40,10968394.53,433890.33,217187.87,1675721877864,20.03,19.9
3887479.58,10983269.58,431749.92,217917.61,1675722060385,20.02,19.9
3894032.36,10967481.55,432081.84,217140.38,1675722243872,20.01,19.9
3915639.38,10972934.66,433199.42,217464.35,1675722428107,20.01,19.9
3932043.22,10987231.06,434012.27,218169.01,1675722431074,20.02,19.9
3898370.33,10972257.84,432343.44,217423.22,1675722617823,20,19.9
3900739.89,10970033.90,432462.10,217312.02,1675722620878,20,19.9
3915887.20,10965187.79,433213.71,217101.18,1675722809917,20.02,19.9
3907873.93,10940128.13,432806.57,215877.27,1675722999671,20.02,19.9
3900305.23,10939497.88,432443.75,215856.45,1675723190018,20.01,19.9
3901393.17,10939518.11,432498.75,215857.45,1675723192822,20.01,19.9
3891276.31,10943759.56,431989.51,216070.80,1675723195962,20,19.9
3894523.33,10929829.52,432185.12,215402.58,1675723388122,19.99,19.9
3831860.49,10899178.30,428777.24,213977.91,1675723581881,20.03,19.9
3828923.34,10886762.66,428541.24,213269.14,1675723775062,20.04,19.9
3884306.58,10949577.71,431465.26,216105.78,1675723968830,20.03,19.9
3897825.74,11116744.95,432348.81,224440.52,1675724163922,19.99,19.9
3904968.84,11114728.51,432846.61,224398.40,1675724359545,19.97,19.89
3907374.41,11114094.77,432967.22,224367.68,1675724362568,19.97,19.89
3845740.78,10996815.63,430632.60,218731.92,1675724559462,19.88,19.8
3829996.40,11063737.47,430528.76,222484.87,1675724757525,19.87,19.78
3741670.76,11004054.40,426556.22,219935.71,1675724955964,19.74,19.65
3749844.52,11065377.33,427694.60,223455.27,1675725155242,19.67,19.59
3848184.56,11170927.99,432485.54,229228.91,1675725355977,19.61,19.53
3856306.80,11168093.14,432900.35,229085.19,1675725358452,19.61,19.53
3738409.34,11043369.89,427582.94,222922.26,1675725560092,19.52,19.43
3830788.22,11104689.99,432329.93,226049.03,1675725563107,19.52,19.43
3764091.05,11082416.91,428660.02,224932.51,1675725766997,19.59,19.43
3876058.26,11171649.33,434402.38,229584.61,1675725970613,19.56,19.43
3737990.44,11081690.95,427187.56,225054.45,1675726205680,19.56,19.43
3891288.94,11024720.28,435281.05,222410.68,1675726411668,19.54,19.43
3889649.14,11054226.13,435175.62,223913.75,1675726414591,19.54,19.43
3881317.66,11063188.96,434743.91,224373.08,1675726417717,19.54,19.43
3864991.19,11067568.53,433677.63,224394.51,1675726626710,19.6,19.43
3883240.35,11096426.98,434508.94,225736.87,1675726836258,19.57,19.43
3830774.86,10990657.45,431744.32,220382.74,1675727046471,19.61,19.43
3928016.27,11070283.66,436624.63,224383.79,1675727258522,19.62,19.43
3917910.63,11086654.39,436140.57,225229.10,1675727470585,19.59,19.43
3921285.11,11077102.71,436313.15,224746.89,1675727473500,19.59,19.43
3920248.57,11073636.09,436261.63,224570.93,1675727476525,19.59,19.43
3921113.69,11070991.56,436305.26,224435.77,1675727479468,19.59,19.43
3919730.89,11070981.34,436234.63,224435.26,1675727482428,19.59,19.43
3923405.62,11070981.34,436422.39,224435.26,1675727485427,19.59,19.43
3839206.76,10983896.49,432106.86,219996.97,1675727488426,19.6,19.43
3905900.55,11080027.44,435649.58,224986.06,1675727707534,19.57,19.43
3908482.11,11069117.36,435936.33,224498.01,1675727927825,19.55,19.43
3904529.95,11068827.06,435734.60,224482.98,1675727930897,19.55,19.43
3915515.13,11072533.95,436297.06,224673.13,1675727933935,19.55,19.43
3891935.53,11081664.19,435091.22,225131.37,1675727936861,19.55,19.43
3898475.36,11081715.60,435428.71,225134.53,1675727940201,19.55,19.43
3906925.48,11088793.76,435882.77,225599.38,1675728164334,19.56,19.43
3897663.68,11076255.32,435269.11,224731.15,1675728390754,19.6,19.43
3900466.69,11078013.11,435411.62,224820.57,1675728393506,19.61,19.43
3902877.76,11078759.68,435534.86,224857.43,1675728396426,19.61,19.43
3830289.85,11018224.07,431565.59,221567.25,1675728625266,19.66,19.43
3829835.31,11013690.69,431039.67,221057.40,1675728855482,19.71,19.43
3930229.54,11102400.18,436010.03,225379.65,1675729086476,19.75,19.43
3925588.76,11104743.82,435714.94,225563.13,1675729317041,19.72,19.43
3865802.21,11019887.91,432718.09,221329.61,1675729549039,19.72,19.43
3875622.33,10999895.36,433202.79,220307.34,1675729552110,19.73,19.43
3854940.09,11015791.94,431954.69,220799.98,1675729786043,19.79,19.43
3928120.49,11095653.29,435632.56,224915.46,1675730020676,19.77,19.43
2586971.65,10169861.60,367027.40,178697.97,1675730256583,19.67,19.43
3941161.52,11099026.77,436794.17,225452.45,1675730533817,19.68,19.43
3933732.79,11092476.85,436507.36,225191.16,1675730772803,19.68,19.43
3922621.33,11092627.53,435664.69,224879.53,1675731011789,19.76,19.43
3919718.85,11127804.78,435238.18,226575.77,1675731251545,19.76,19.43
3935618.75,11098876.80,436143.79,225176.79,1675731492029,19.73,19.43
3928360.45,11111185.78,435774.88,225800.89,1675731495029,19.73,19.43
3948644.85,11113410.28,436791.91,225908.78,1675731737451,19.77,19.43
3935781.16,11112216.80,435876.02,225626.17,1675731981705,19.8,19.43
3936496.94,11098946.48,435910.95,225001.48,1675732227075,19.79,19.43
3947830.98,11107607.11,436484.48,225438.60,1675732229979,19.79,19.43
3950472.61,11108865.19,436617.41,225501.66,1675732233521,19.79,19.43
3938227.61,11102109.66,436038.34,225189.25,1675732483422,19.79,19.43
3923979.94,11118067.72,435384.51,226060.69,1675732734426,19.75,19.43
3907527.58,11125345.14,434696.38,226520.64,1675732984844,19.74,19.43
3924876.82,11103275.06,435477.21,225341.16,1675733235437,19.78,19.43
3929680.39,11108957.62,435526.59,225448.58,1675733487779,19.8,19.43
3919919.91,11123838.01,434996.78,226203.58,1675733742461,19.79,19.43
3931453.92,11127305.29,435738.93,226511.52,1675733997998,19.76,19.43
3901551.46,11123367.27,434246.43,226378.07,1675734253527,19.74,19.43
3937379.17,11102137.59,435793.24,224854.20,1675734510794,19.86,19.43
3913709.92,11127983.40,434520.90,226335.93,1675734767761,19.79,19.43
3928177.24,11110325.53,435182.20,225351.09,1675735025385,19.84,19.43
3923865.99,11118590.79,434805.81,225692.37,1675735283430,19.83,19.43
3923129.27,11110806.15,434776.76,225309.40,1675735286512,19.82,19.43
3925713.99,11115338.72,435080.54,225681.70,1675735547984,19.8,19.43
3928448.09,11113403.84,435219.78,225584.08,1675735550953,19.8,19.43
3927299.12,11103516.07,435155.84,225082.54,1675735553990,19.82,19.43
3922774.66,11112576.82,434926.58,225539.01,1675735556962,19.82,19.43
3922774.72,11112841.88,434926.59,225552.36,1675735559951,19.82,19.43
3912065.26,11119482.12,434397.88,225913.95,1675735826828,19.79,19.43
3943112.37,11109219.42,435998.74,225421.34,1675736095049,19.81,19.43
3912779.39,11102677.99,434167.35,224747.57,1675736363673,19.89,19.43
3950583.53,11143738.14,435856.91,226716.97,1675736632569,19.87,19.43
3914162.11,11302788.95,434382.81,234555.57,1675736946445,19.83,19.43
3922415.82,11307281.41,434877.34,234829.08,1675737217782,19.81,19.43
3928367.31,11310991.99,435177.30,235016.73,1675737220894,19.81,19.43
3925357.20,11310479.89,435024.98,234990.26,1675737223892,19.81,19.43
3926916.71,11310396.94,435104.06,234986.53,1675737226719,19.81,19.43
3927372.05,11310395.06,435127.06,234986.44,1675737229712,19.81,19.43
3924541.79,11305950.30,434973.13,234760.83,1675737232747,19.81,19.43
3925175.39,11305950.05,435005.13,234760.83,1675737235715,19.81,19.43
3925400.79,11307091.44,435018.40,234819.07,1675737238732,19.81,19.43
3925400.79,11305056.25,435018.40,234716.28,1675737241894,19.81,19.43
3933853.48,11299158.06,435444.36,234418.05,1675737244865,19.81,19.43
3935661.28,11313599.56,435499.77,235171.07,1675737529185,19.82,19.43
3928034.38,11327640.89,435063.64,235696.16,1675737813193,19.83,19.43
3929609.62,11327717.11,435143.09,235699.99,1675737816086,19.83,19.43
3929609.87,11317312.79,435143.09,235176.29,1675737819171,19.83,19.43
3972996.94,11305142.29,437209.34,234448.67,1675738107626,19.87,19.43
3967334.72,11303980.80,436561.50,234037.73,1675738395451,19.93,19.43
3954053.93,11255366.65,435602.84,231438.45,1675738684534,19.96,19.43
3964703.03,11257892.76,435913.13,231501.23,1675738974150,19.99,19.43
3952539.19,11310491.26,435420.57,234301.36,1675739265021,19.94,19.43
3997364.49,11264775.51,437685.11,231947.41,1675739556068,19.96,19.43
3991036.91,11270622.61,437392.35,232259.70,1675739848105,19.94,19.43
4009779.77,11260171.88,438268.21,231653.69,1675740183170,19.99,19.43
3925638.57,11187434.17,433830.49,227891.44,1675740476944,20.01,19.43
3904156.67,11214817.33,432659.65,229174.37,1675740772393,20.01,19.43
4012473.21,11255528.58,438099.95,231234.91,1675741069483,20.02,19.43
4032813.40,11260703.43,439017.11,231403.64,1675741367622,20.04,19.43
4004544.92,11271779.58,437611.34,232007.86,1675741668624,20.01,19.43
4014265.49,11268484.11,438135.41,231884.39,1675741969510,20.01,19.43
3985680.72,11270066.60,436867.96,232063.04,1675742270900,19.99,19.43
3989980.37,11278574.33,436957.48,232428.09,1675742686486,20,19.43
3991125.31,11277299.87,437057.91,232362.19,1675742991464,20.01,19.43
3998172.04,11272957.69,437383.28,232144.65,1675743299102,20,19.43
3997218.87,11284964.73,437420.21,232823.68,1675743607527,19.99,19.43
3991948.23,11279824.17,437155.81,232566.80,1675743610506,19.99,19.43
3991948.33,11279824.17,437155.80,232566.80,1675743613901,19.99,19.43
4011114.08,11265345.54,437964.66,231674.29,1675743924417,20.04,19.43
4013815.40,11270348.44,437984.36,231833.47,1675744242837,20.04,19.43
3994010.42,11298081.68,436880.46,233068.58,1675744555863,20.08,19.43
3977562.56,11299123.20,436264.01,233379.89,1675744870518,20.01,19.43
3971106.65,11287916.60,436040.12,232899.03,1675745185442,20.01,19.43
3993440.36,11278734.48,437138.27,232426.13,1675745500912,20.01,19.43
3981962.81,11272385.26,436505.50,232095.44,1675745818428,20.02,19.43
3982278.90,11268002.63,436506.85,231876.65,1675745821182,20.02,19.43
3984437.93,11284800.44,436540.16,232663.26,1675746187092,20.02,19.43
4014177.96,11279822.82,437928.27,232263.45,1675746506944,20.05,19.43
3965809.88,11301431.42,435491.98,233345.77,1675746828122,20.05,19.43
3907751.13,11206383.20,432545.33,228623.54,1675747150383,20.06,19.43
4012663.09,11317511.40,437715.57,233910.16,1675747473728,20.07,19.43
4016714.61,11309358.42,437860.99,233575.50,1675747799690,20.08,19.43
4006719.60,11317487.86,437244.11,233843.52,1675748125761,20.1,19.43
4007151.11,11318941.31,437308.41,233956.54,1675748454133,20.07,19.43
4024922.74,11327553.60,438303.82,234489.37,1675748782551,20.06,19.43
4001332.17,11344942.08,437073.59,235278.96,1675749111773,20.08,19.43
4013544.97,11384874.52,437714.74,235989.42,1675749442105,20.08,19.43
4014429.26,11423049.55,437815.20,237666.09,1675749775630,20.07,19.43
4010564.52,11451041.89,437774.61,239124.81,1675750109494,20.03,19.43
4014843.92,11452404.13,437992.58,239232.46,1675750444972,20.03,19.43
3995817.37,11457128.10,437042.55,239468.83,1675750447649,20.03,19.43
3972546.39,11463931.96,435897.68,239817.71,1675750784312,20.03,19.43
3979197.07,11464215.18,436230.06,239831.78,1675750787153,20.03,19.43
4003607.19,11455927.85,437322.35,239285.72,1675751125737,20.07,19.43
4013975.52,11461877.19,437653.74,239434.80,1675751467297,20.09,19.43
2637990.16,10512206.15,368201.78,192718.23,1675751808449,20.04,19.43
4006573.59,11658192.86,437636.16,248533.55,1675752151092,20.03,19.43
4019230.88,11675233.96,438127.89,249305.64,1675752494984,20.05,19.43
3980518.17,11677012.51,436325.50,249489.57,1675752840004,20.02,19.43
3980518.17,11677007.04,436325.50,249489.29,1675752842959,20.02,19.43
3898386.35,11589833.05,432372.33,245231.05,1675753191669,19.99,19.43
3983337.59,11648947.19,436919.81,248333.48,1675753539456,19.98,19.43
3988340.51,11655239.79,437170.93,248648.01,1675753542223,19.98,19.43
3988355.25,11655239.79,437171.57,248648.01,1675753545305,19.98,19.43
3996897.18,11658982.29,437366.89,248725.02,1675753897115,20.01,19.43
4019332.66,11657110.64,438380.58,248496.98,1675754249145,20.03,19.43
4017309.71,11674206.12,438076.73,249194.55,1675754654922,20.04,19.43
4004910.08,11665274.25,437659.14,248960.63,1675755011535,20.01,19.43
3997394.76,11672669.92,437283.38,249330.36,1675755014532,20.01,19.43
3995724.51,11667288.80,437199.98,249063.55,1675755017559,20.01,19.43
4020983.55,11663070.20,438449.21,248845.46,1675755377823,20.01,19.43
4020352.25,11659661.85,438577.92,248731.13,1675755737957,20,19.43
4022769.85,11661438.45,438698.96,248821.86,1675755740941,20,19.43
4019838.71,11659584.75,438551.04,248728.52,1675755743903,20,19.43
3994409.90,11661861.29,437259.79,248839.99,1675755746875,20.01,19.43
4021164.92,11670897.05,438545.54,249252.47,1675755749897,20.02,19.43
4009293.03,11666241.78,437932.51,249021.80,1675756119040,20.01,19.43
3991716.43,11691446.87,437094.93,250302.26,1675756486524,19.99,19.43
3990572.77,11690507.52,437037.67,250255.38,1675756489444,19.99,19.43
3991718.92,11691892.19,437095.12,250324.54,1675756492372,19.99,19.43
4021604.20,11657083.67,438736.97,248674.62,1675756866023,19.98,19.43
4020089.16,11666382.11,438660.20,249139.77,1675756868854,19.98,19.43
4013831.74,11664857.01,438473.81,249159.01,1675757243383,19.95,19.43
4023460.24,11665362.84,438957.33,249184.68,1675757246399,19.95,19.43
3980349.66,11640267.07,436930.90,247999.67,1675757624467,19.94,19.43
3983627.81,11631234.22,437043.48,247467.49,1675758003018,19.97,19.43
3986034.45,11631776.73,437164.48,247494.64,1675758005959,19.97,19.43
3974460.49,11654469.51,436466.08,248561.49,1675758440832,19.98,19.43
4003045.64,11658376.42,437843.63,248721.80,1675758879435,19.99,19.43
4016197.59,11652544.48,438311.17,248282.99,1675759316466,20.01,19.43
3987958.76,11663268.39,436909.44,248904.65,1675759699067,19.98,19.43
3995503.03,11654175.56,437298.71,248457.10,1675759701947,19.97,19.43
3993704.11,11648238.65,437551.05,248123.80,1675760086103,19.93,19.43
3994177.61,11638554.16,437586.92,247691.66,1675760471937,19.97,19.43
3979414.71,11661523.23,436344.18,248377.85,1675760857421,20.06,19.43
3973020.51,11683255.24,435602.26,249297.93,1675761388386,20.07,19.43
3972542.88,11693906.47,435682.09,249898.80,1675761777534,20.06,19.43
3987312.88,11690996.94,436419.15,249752.96,1675761780579,20.06,19.43
3970477.24,11688492.03,435587.41,249630.96,1675761783409,20.05,19.43
3983489.93,11687108.59,436237.34,249561.87,1675761786492,20.05,19.43
3985536.68,11680024.59,436344.44,249213.69,1675761789484,20.05,19.43
3996598.53,11707226.29,437022.32,250633.40,1675762187992,20.04,19.43
3992604.42,11716609.71,436822.70,251101.53,1675762190412,20.04,19.43
3981940.50,11701745.94,436114.73,250241.47,1675762589425,20.07,19.43
3982241.60,11709489.03,436129.71,250627.39,1675762591903,20.06,19.43
3972815.74,11695887.64,435298.21,249678.76,1675762993180,20.12,19.43
4002449.76,11695018.82,436685.06,249599.78,1675763396483,20.17,19.43
3983016.94,11660554.17,435519.32,247720.50,1675763800297,20.18,19.43
4002741.49,11662017.90,436623.59,247898.29,1675764206692,20.14,19.43
4002740.20,11651792.90,436623.53,247398.29,1675764209261,20.14,19.43
3999127.62,11651792.90,436443.97,247398.29,1675764212189,20.14,19.43
4000509.99,11651794.92,436512.56,247398.20,1675764215134,20.14,19.43
4025923.16,11668645.28,437885.62,248323.56,1675764626732,20.15,19.43
3993039.99,11657272.59,435837.23,247368.84,1675765040521,20.23,19.43
4011166.20,11644019.00,436432.83,246541.83,1675765454506,20.25,19.43
3999011.10,11667247.69,435793.95,247767.52,1675765871165,20.23,19.43
4013392.46,11663120.21,436572.88,247652.49,1675766288860,20.21,19.43
4010803.24,11677705.19,436527.38,248432.05,1675766707082,20.19,19.43
4022159.52,11685673.39,437093.49,248828.21,1675766710017,20.19,19.43
4026076.12,11654914.54,437475.43,247412.55,1675767130744,20.18,19.43
4006085.88,11638819.75,436484.48,246711.09,1675767552814,20.17,19.43
4000295.48,11656595.36,436197.31,247592.57,1675767555651,20.16,19.43
4000306.31,11658168.01,436197.94,247670.05,1675767558768,20.16,19.43
4002023.96,11652637.19,436341.12,247403.52,1675767561613,20.16,19.43
4004982.66,11659896.15,436488.22,247764.63,1675767564623,20.16,19.43
4028613.43,11643924.13,437473.37,246764.95,1675767992736,20.24,19.43
3990948.63,11663700.96,435399.48,247696.30,1675768422492,20.23,19.43
4003880.36,11651203.11,436038.54,247078.92,1675768425922,20.23,19.43
4019460.37,11641776.56,436811.28,246612.98,1675768428426,20.24,19.43
4006338.92,11660831.11,436494.24,247784.88,1675768862368,20.18,19.43
4029953.66,11649425.15,437538.74,247075.64,1675769361214,20.23,19.43
4000473.21,11645926.17,436279.24,247096.98,1675769860680,20.16,19.43
4009149.71,11660355.41,437265.46,247637.12,1675770297542,20.17,19.43
4027483.03,11664304.66,437581.59,248010.29,1675770736294,20.17,19.43
4027483.03,11664304.66,437581.59,248010.29,1675770739371,20.17,19.43
4019109.47,11662040.97,437166.16,247898.25,1675770742207,20.17,19.43
4024020.46,11662029.69,437410.05,247898.25,1675770745331,20.17,19.43
3913707.25,11560204.47,431863.65,242854.74,1675771191050,20.17,19.43
3914816.30,11560123.11,431918.65,242850.48,1675771194009,20.17,19.43
4001948.35,11648718.28,436145.65,247117.72,1675771640168,20.21,19.43
3987765.20,11661136.35,435734.23,247845.19,1675772088875,20.14,19.43
3990586.40,11646406.99,435633.03,247054.84,1675772537992,20.19,19.43
4004343.25,11649382.58,436314.29,247200.60,1675772540947,20.19,19.43
4002183.76,11654519.34,436204.77,247454.69,1675772543905,20.19,19.43
4004302.67,11650796.60,436453.93,247350.82,1675772999898,20.16,19.43
3997531.44,11643703.64,436082.87,246999.16,1675773455256,20.18,19.43
4027176.69,11629713.41,437421.30,246246.78,1675773911416,20.2,19.43
4012591.87,11642001.72,436791.54,246868.72,1675774448304,20.18,19.43
4015002.02,11638383.70,436911.22,246689.84,1675774451231,20.18,19.43
4012727.84,11626085.22,436795.48,246073.27,1675774454203,20.19,19.43
4009454.20,11616061.14,436624.90,245529.01,1675774457278,20.2,19.43
4005791.79,11630296.00,436304.88,246255.55,1675774920721,20.18,19.43
3993922.44,11680649.04,435819.03,248775.85,1675775384717,20.17,19.43
3993237.49,11673842.00,435784.55,248442.65,1675775387714,20.17,19.43
3981710.24,11683403.02,435214.27,248934.84,1675775853398,20.16,19.43
4004411.28,11661042.13,436344.58,247828.64,1675775856510,20.16,19.43
3963842.40,11608477.56,434737.69,245407.71,1675776323665,20.13,19.43
3927403.09,11574725.42,433763.33,243839.16,1675776794665,20.07,19.43
3930178.74,11578715.63,433880.27,244039.68,1675776797734,20.07,19.43
3998095.02,11599821.93,436641.68,245259.95,1675777269245,20.11,19.43
3910981.80,11412580.27,432194.03,236183.35,1675777740436,20.13,19.43
3929419.90,11402997.42,433109.15,235704.64,1675777743503,20.14,19.43
3917141.20,11397560.88,432496.72,235433.27,1675777746491,20.15,19.43
4008514.19,11470067.91,437167.76,239177.67,1675778221616,20.1,19.43
3993851.22,11477019.08,436413.67,239496.57,1675778224469,20.11,19.43
3976533.03,11468033.11,435593.39,239112.05,1675778704056,20.09,19.43
3989840.92,11447708.66,436254.51,238098.90,1675778707159,20.09,19.43
3983504.23,11451661.39,435938.38,238290.64,1675778709869,20.1,19.43
3981780.62,11451493.50,435842.14,238255.88,1675778712979,20.11,19.43
3982812.09,11482499.74,435844.63,239765.37,1675779197695,20.1,19.43
3982552.24,11474440.19,435847.63,239382.68,1675779200703,20.1,19.43
4010616.16,11504238.13,437053.97,240711.39,1675779685995,20.14,19.43
4009741.95,11512312.33,437010.62,241113.32,1675779688992,20.14,19.43
3997321.18,11486319.98,436508.69,239930.19,1675780176733,20.09,19.43
3918072.43,11398330.59,432673.59,235627.59,1675780665919,20.11,19.43
3898696.86,11417733.61,431287.44,236306.27,1675781155874,20.13,19.43
3887857.43,11425483.78,430756.97,236721.37,1675781159306,20.12,19.43
3900914.45,11427575.27,431427.52,236825.00,1675781161844,20.12,19.43
3897978.78,11427590.88,431281.75,236826.17,1675781164877,20.12,19.43
3965657.65,11510811.56,434872.00,241099.11,1675781661799,20.1,19.43
3966907.48,11508565.89,434973.30,240999.23,1675781664662,20.08,19.43
3965734.84,11460392.89,434962.00,238607.78,1675781667504,20.08,19.43
3982589.64,11502747.11,435797.59,240708.81,1675781670559,20.08,19.43
3442266.41,11249657.77,409013.22,228335.61,1675782172468,20.09,19.43
3876287.15,11411987.07,430696.63,236402.39,1675782175474,20.09,19.43
3878696.86,11412419.39,430816.94,236423.47,1675782178452,20.09,19.43
3953077.57,11486914.45,434585.44,240174.85,1675782683422,20.06,19.43
3928866.74,11490662.81,433377.12,240362.05,1675782686188,20.05,19.43
3966177.28,11496943.07,435627.91,240917.37,1675783196074,20.02,19.43
